root,file
SDS,LTS-NIG-SDS-系統設計說明書-1010419-V3.0.doc
SDS,LTS_NIG_SDS_1010419_V3.0_需求追溯表.xls
SDS,NIG_10C.doc
SDS,NIG_11C_100.doc
SDS,NIG_11C_200.doc
SDS,NIG_11C_300.doc
SDS,NIG_11C_400.doc
SDS,NIG_11C_500.doc
SDS,NIG_11C_600.doc
SDS,NIG_11C_700.doc
SDS,NIG_11C_800.doc
SDS,NIG_11C_900.doc
SDS,NIG_11C_A00.doc
SDS,NIG_11C_Adaptor.doc
SDS,NIG_11C_B00.doc
SDS,NIG_12C_NIG110M_Controller.doc
SDS,NIG_12C_NIG110M_Dao.doc
SDS,NIG_12C_NIG110M_Manager.doc
SDS,NIG_12C_NIG120M_Controller.doc
SDS,NIG_12C_NIG120M_Dao.doc
SDS,NIG_12C_NIG120M_Manager.doc
SDS,NIG_12C_NIG130M_Controller.doc
SDS,NIG_12C_NIG130M_Dao.doc
SDS,NIG_12C_NIG130M_Manager.doc
SDS,NIG_12C_NIG140M_Controller.doc
SDS,NIG_12C_NIG140M_Dao.doc
SDS,NIG_12C_NIG140M_Manager.doc
SDS,NIG_12C_NIG150M_Controller.doc
SDS,NIG_12C_NIG150M_Dao.doc
SDS,NIG_12C_NIG150M_Manager.doc
SDS,NIG_12C_NIG160M_Controller.doc
SDS,NIG_12C_NIG160M_Dao.doc
SDS,NIG_12C_NIG160M_Manager.doc
SDS,NIG_12C_NIG170M_Controller.doc
SDS,NIG_12C_NIG170M_Dao.doc
SDS,NIG_12C_NIG170M_Manager.doc
SDS,NIG_12C_NIG181M_Controller.doc
SDS,NIG_12C_NIG181M_Dao.doc
SDS,NIG_12C_NIG181M_Manager.doc
SDS,NIG_12C_NIG182M_Controller.doc
SDS,NIG_12C_NIG182M_Dao.doc
SDS,NIG_12C_NIG182M_Manager.doc
SDS,NIG_12C_NIG183M_Controller.doc
SDS,NIG_12C_NIG183M_Dao.doc
SDS,NIG_12C_NIG183M_Manager.doc
SDS,NIG_12C_NIG184M_Controller.doc
SDS,NIG_12C_NIG184M_Dao.doc
SDS,NIG_12C_NIG184M_Manager.doc
SDS,NIG_12C_NIG185M_Controller.doc
SDS,NIG_12C_NIG185M_Dao.doc
SDS,NIG_12C_NIG185M_Manager.doc
SDS,NIG_12C_NIG186M_Controller.doc
SDS,NIG_12C_NIG186M_Dao.doc
SDS,NIG_12C_NIG186M_Manager.doc
SDS,NIG_12C_NIG187M_Controller.doc
SDS,NIG_12C_NIG187M_Dao.doc
SDS,NIG_12C_NIG187M_Manager.doc
SDS,NIG_12C_NIG190M_Controller.doc
SDS,NIG_12C_NIG190M_Dao.doc
SDS,NIG_12C_NIG190M_Manager.doc
SDS,NIG_12C_NIG211X_Dao.doc
SDS,NIG_12C_NIG211X_Job.doc
SDS,NIG_12C_NIG211X_Manager.doc
SDS,NIG_12C_NIG212X_Dao.doc
SDS,NIG_12C_NIG212X_Job.doc
SDS,NIG_12C_NIG212X_Manager.doc
SDS,NIG_12C_NIG213X_Dao.doc
SDS,NIG_12C_NIG213X_Job.doc
SDS,NIG_12C_NIG213X_Manager.doc
SDS,NIG_12C_NIG214X_Dao.doc
SDS,NIG_12C_NIG214X_Job.doc
SDS,NIG_12C_NIG214X_Manager.doc
SDS,NIG_12C_NIG215X_Dao.doc
SDS,NIG_12C_NIG215X_Job.doc
SDS,NIG_12C_NIG215X_Manager.doc
SDS,NIG_12C_NIG221R_Controller.doc
SDS,NIG_12C_NIG221R_Dao.doc
SDS,NIG_12C_NIG221R_Manager.doc
SDS,NIG_12C_NIG222M_Controller.doc
SDS,NIG_12C_NIG222M_Dao.doc
SDS,NIG_12C_NIG222M_Manager.doc
SDS,NIG_12C_NIG223L_Dao.doc
SDS,NIG_12C_NIG223L_Job.doc
SDS,NIG_12C_NIG223L_Manager.doc
SDS,NIG_12C_NIG224M_Controller.doc
SDS,NIG_12C_NIG224M_Dao.doc
SDS,NIG_12C_NIG224M_Manager.doc
SDS,NIG_12C_NIG225Q_Controller.doc
SDS,NIG_12C_NIG225Q_Dao.doc
SDS,NIG_12C_NIG225Q_Manager.doc
SDS,NIG_12C_NIG226M_Controller.doc
SDS,NIG_12C_NIG226M_Dao.doc
SDS,NIG_12C_NIG226M_Manager.doc
SDS,NIG_12C_NIG227R_Controller.doc
SDS,NIG_12C_NIG227R_Dao.doc
SDS,NIG_12C_NIG227R_Manager.doc
SDS,NIG_12C_NIG231M_Controller.doc
SDS,NIG_12C_NIG231M_Dao.doc
SDS,NIG_12C_NIG231M_Manager.doc
SDS,NIG_12C_NIG232R_Controller.doc
SDS,NIG_12C_NIG232R_Dao.doc
SDS,NIG_12C_NIG232R_Manager.doc
SDS,NIG_12C_NIG241M_Controller.doc
SDS,NIG_12C_NIG241M_Dao.doc
SDS,NIG_12C_NIG241M_Manager.doc
SDS,NIG_12C_NIG242L_Dao.doc
SDS,NIG_12C_NIG242L_Job.doc
SDS,NIG_12C_NIG242L_Manager.doc
SDS,NIG_12C_NIG243X_Dao.doc
SDS,NIG_12C_NIG243X_Job.doc
SDS,NIG_12C_NIG243X_Manager.doc
SDS,NIG_12C_NIG244L_Dao.doc
SDS,NIG_12C_NIG244L_Job.doc
SDS,NIG_12C_NIG244L_Manager.doc
SDS,NIG_12C_NIG245R_Controller.doc
SDS,NIG_12C_NIG245R_Dao.doc
SDS,NIG_12C_NIG245R_Manager.doc
SDS,NIG_12C_NIG246M_Controller.doc
SDS,NIG_12C_NIG246M_Dao.doc
SDS,NIG_12C_NIG246M_Manager.doc
SDS,NIG_12C_NIG247M_Controller.doc
SDS,NIG_12C_NIG247M_Dao.doc
SDS,NIG_12C_NIG247M_Manager.doc
SDS,NIG_12C_NIG251R_Controller.doc
SDS,NIG_12C_NIG251R_Dao.doc
SDS,NIG_12C_NIG251R_Manager.doc
SDS,NIG_12C_NIG252R_Controller.doc
SDS,NIG_12C_NIG252R_Dao.doc
SDS,NIG_12C_NIG252R_Manager.doc
SDS,NIG_12C_NIG253R_Controller.doc
SDS,NIG_12C_NIG253R_Dao.doc
SDS,NIG_12C_NIG253R_Manager.doc
SDS,NIG_12C_NIG254L_Dao.doc
SDS,NIG_12C_NIG254L_Job.doc
SDS,NIG_12C_NIG254L_Manager.doc
SDS,NIG_12C_NIG255X_Dao.doc
SDS,NIG_12C_NIG255X_Job.doc
SDS,NIG_12C_NIG255X_Manager.doc
SDS,NIG_12C_NIG256X_Dao.doc
SDS,NIG_12C_NIG256X_Job.doc
SDS,NIG_12C_NIG256X_Manager.doc
SDS,NIG_12C_NIG257L_Dao.doc
SDS,NIG_12C_NIG257L_Job.doc
SDS,NIG_12C_NIG257L_Manager.doc
SDS,NIG_12C_NIG258L_Dao.doc
SDS,NIG_12C_NIG258L_Job.doc
SDS,NIG_12C_NIG258L_Manager.doc
SDS,NIG_12C_NIG310M_Controller.doc
SDS,NIG_12C_NIG310M_Dao.doc
SDS,NIG_12C_NIG310M_Manager.doc
SDS,NIG_12C_NIG320R_Controller.doc
SDS,NIG_12C_NIG320R_Dao.doc
SDS,NIG_12C_NIG320R_Manager.doc
SDS,NIG_12C_NIG411M_Controller.doc
SDS,NIG_12C_NIG411M_Dao.doc
SDS,NIG_12C_NIG411M_Manager.doc
SDS,NIG_12C_NIG412M_Controller.doc
SDS,NIG_12C_NIG412M_Dao.doc
SDS,NIG_12C_NIG412M_Manager.doc
SDS,NIG_12C_NIG413M_Controller.doc
SDS,NIG_12C_NIG413M_Dao.doc
SDS,NIG_12C_NIG413M_Manager.doc
SDS,NIG_12C_NIG414M_Controller.doc
SDS,NIG_12C_NIG414M_Dao.doc
SDS,NIG_12C_NIG414M_Manager.doc
SDS,NIG_12C_NIG415M_Controller.doc
SDS,NIG_12C_NIG415M_Dao.doc
SDS,NIG_12C_NIG415M_Manager.doc
SDS,NIG_12C_NIG416M_Controller.doc
SDS,NIG_12C_NIG416M_Dao.doc
SDS,NIG_12C_NIG416M_Manager.doc
SDS,NIG_12C_NIG421R_Controller.doc
SDS,NIG_12C_NIG421R_Dao.doc
SDS,NIG_12C_NIG421R_Manager.doc
SDS,NIG_12C_NIG422R_Controller.doc
SDS,NIG_12C_NIG422R_Dao.doc
SDS,NIG_12C_NIG422R_Manager.doc
SDS,NIG_12C_NIG423R_Controller.doc
SDS,NIG_12C_NIG423R_Dao.doc
SDS,NIG_12C_NIG423R_Manager.doc
SDS,NIG_12C_NIG424R_Controller.doc
SDS,NIG_12C_NIG424R_Dao.doc
SDS,NIG_12C_NIG424R_Manager.doc
SDS,NIG_12C_NIG425R_Controller.doc
SDS,NIG_12C_NIG425R_Dao.doc
SDS,NIG_12C_NIG425R_Manager.doc
SDS,NIG_12C_NIG426R_Controller.doc
SDS,NIG_12C_NIG426R_Dao.doc
SDS,NIG_12C_NIG426R_Manager.doc
SDS,NIG_12C_NIG427R_Controller.doc
SDS,NIG_12C_NIG427R_Dao.doc
SDS,NIG_12C_NIG427R_Manager.doc
SDS,NIG_12C_NIG428R_Controller.doc
SDS,NIG_12C_NIG428R_Dao.doc
SDS,NIG_12C_NIG428R_Manager.doc
SDS,NIG_12C_NIG510M_Controller.doc
SDS,NIG_12C_NIG510M_Dao.doc
SDS,NIG_12C_NIG510M_Manager.doc
SDS,NIG_12C_NIG521M_Controller.doc
SDS,NIG_12C_NIG521M_Dao.doc
SDS,NIG_12C_NIG521M_Manager.doc
SDS,NIG_12C_NIG522M_Controller.doc
SDS,NIG_12C_NIG522M_Dao.doc
SDS,NIG_12C_NIG522M_Manager.doc
SDS,NIG_12C_NIG531R_Controller.doc
SDS,NIG_12C_NIG531R_Dao.doc
SDS,NIG_12C_NIG531R_Manager.doc
SDS,NIG_12C_NIG532R_Controller.doc
SDS,NIG_12C_NIG532R_Dao.doc
SDS,NIG_12C_NIG532R_Manager.doc
SDS,NIG_12C_NIG533R_Controller.doc
SDS,NIG_12C_NIG533R_Dao.doc
SDS,NIG_12C_NIG533R_Manager.doc
SDS,NIG_12C_NIG610M_Controller.doc
SDS,NIG_12C_NIG610M_Dao.doc
SDS,NIG_12C_NIG610M_Manager.doc
SDS,NIG_12C_NIG640R_Controller.doc
SDS,NIG_12C_NIG640R_Dao.doc
SDS,NIG_12C_NIG640R_Manager.doc
SDS,NIG_12C_NIG650M_Controller.doc
SDS,NIG_12C_NIG650M_Dao.doc
SDS,NIG_12C_NIG650M_Manager.doc
SDS,NIG_12C_NIG650R_Controller.doc
SDS,NIG_12C_NIG650R_Dao.doc
SDS,NIG_12C_NIG650R_Manager.doc
SDS,NIG_12C_NIG656M_Controller.doc
SDS,NIG_12C_NIG656M_Dao.doc
SDS,NIG_12C_NIG656M_Manager.doc
SDS,NIG_12C_NIG657R_Controller.doc
SDS,NIG_12C_NIG657R_Dao.doc
SDS,NIG_12C_NIG657R_Manager.doc
SDS,NIG_12C_NIG658M_Controller.doc
SDS,NIG_12C_NIG658M_Dao.doc
SDS,NIG_12C_NIG658M_Manager.doc
SDS,NIG_12C_NIG660R_Controller.doc
SDS,NIG_12C_NIG660R_Dao.doc
SDS,NIG_12C_NIG660R_Manager.doc
SDS,NIG_12C_NIG711R_Controller.doc
SDS,NIG_12C_NIG711R_Dao.doc
SDS,NIG_12C_NIG711R_Manager.doc
SDS,NIG_12C_NIG712R_Controller.doc
SDS,NIG_12C_NIG712R_Dao.doc
SDS,NIG_12C_NIG712R_Manager.doc
SDS,NIG_12C_NIG713R_Controller.doc
SDS,NIG_12C_NIG713R_Dao.doc
SDS,NIG_12C_NIG713R_Manager.doc
SDS,NIG_12C_NIG721R_Controller.doc
SDS,NIG_12C_NIG721R_Dao.doc
SDS,NIG_12C_NIG721R_Manager.doc
SDS,NIG_12C_NIG722R_Controller.doc
SDS,NIG_12C_NIG722R_Dao.doc
SDS,NIG_12C_NIG722R_Manager.doc
SDS,NIG_12C_NIG723R_Controller.doc
SDS,NIG_12C_NIG723R_Dao.doc
SDS,NIG_12C_NIG723R_Manager.doc
SDS,NIG_12C_NIG724R_Controller.doc
SDS,NIG_12C_NIG724R_Dao.doc
SDS,NIG_12C_NIG724R_Manager.doc
SDS,NIG_12C_NIG731R_Controller.doc
SDS,NIG_12C_NIG731R_Dao.doc
SDS,NIG_12C_NIG731R_Manager.doc
SDS,NIG_12C_NIG732R_Controller.doc
SDS,NIG_12C_NIG732R_Dao.doc
SDS,NIG_12C_NIG732R_Manager.doc
SDS,NIG_12C_NIG733R_Controller.doc
SDS,NIG_12C_NIG733R_Dao.doc
SDS,NIG_12C_NIG733R_Manager.doc
SDS,NIG_12C_NIG734R_Controller.doc
SDS,NIG_12C_NIG734R_Dao.doc
SDS,NIG_12C_NIG734R_Manager.doc
SDS,NIG_12C_NIG741R_Controller.doc
SDS,NIG_12C_NIG741R_Dao.doc
SDS,NIG_12C_NIG741R_Manager.doc
SDS,NIG_12C_NIG743R_Controller.doc
SDS,NIG_12C_NIG743R_Dao.doc
SDS,NIG_12C_NIG743R_Manager.doc
SDS,NIG_12C_NIG744R_Controller.doc
SDS,NIG_12C_NIG744R_Dao.doc
SDS,NIG_12C_NIG744R_Manager.doc
SDS,NIG_12C_NIG750R_Controller.doc
SDS,NIG_12C_NIG750R_Dao.doc
SDS,NIG_12C_NIG750R_Manager.doc
SDS,NIG_12C_NIG760X_Dao.doc
SDS,NIG_12C_NIG760X_Job.doc
SDS,NIG_12C_NIG760X_Manager.doc
SDS,NIG_12C_NIG761R_Controller.doc
SDS,NIG_12C_NIG761R_Dao.doc
SDS,NIG_12C_NIG761R_Manager.doc
SDS,NIG_12C_NIG770R_Controller.doc
SDS,NIG_12C_NIG770R_Dao.doc
SDS,NIG_12C_NIG770R_Manager.doc
SDS,NIG_12C_NIG810M_Controller.doc
SDS,NIG_12C_NIG810M_Dao.doc
SDS,NIG_12C_NIG810M_Manager.doc
SDS,NIG_12C_NIG820M_Controller.doc
SDS,NIG_12C_NIG820M_Dao.doc
SDS,NIG_12C_NIG820M_Manager.doc
SDS,NIG_12C_NIG831R_Controller.doc
SDS,NIG_12C_NIG831R_Dao.doc
SDS,NIG_12C_NIG831R_Manager.doc
SDS,NIG_12C_NIG832R_Controller.doc
SDS,NIG_12C_NIG832R_Dao.doc
SDS,NIG_12C_NIG832R_Manager.doc
SDS,NIG_12C_NIG833R_Controller.doc
SDS,NIG_12C_NIG833R_Dao.doc
SDS,NIG_12C_NIG833R_Manager.doc
SDS,NIG_12C_NIG834R_Controller.doc
SDS,NIG_12C_NIG834R_Dao.doc
SDS,NIG_12C_NIG834R_Manager.doc
SDS,NIG_12C_NIG835R_Controller.doc
SDS,NIG_12C_NIG835R_Dao.doc
SDS,NIG_12C_NIG835R_Manager.doc
SDS,NIG_12C_NIG836R_Controller.doc
SDS,NIG_12C_NIG836R_Dao.doc
SDS,NIG_12C_NIG836R_Manager.doc
SDS,NIG_12C_NIG837R_Controller.doc
SDS,NIG_12C_NIG837R_Dao.doc
SDS,NIG_12C_NIG837R_Manager.doc
SDS,NIG_12C_NIG841M_Controller.doc
SDS,NIG_12C_NIG841M_Dao.doc
SDS,NIG_12C_NIG841M_Manager.doc
SDS,NIG_12C_NIG842X_Dao.doc
SDS,NIG_12C_NIG842X_Job.doc
SDS,NIG_12C_NIG842X_Manager.doc
SDS,NIG_12C_NIG851R_Controller.doc
SDS,NIG_12C_NIG851R_Dao.doc
SDS,NIG_12C_NIG851R_Manager.doc
SDS,NIG_12C_NIG852M_Controller.doc
SDS,NIG_12C_NIG852M_Dao.doc
SDS,NIG_12C_NIG852M_Manager.doc
SDS,NIG_12C_NIG911M_Controller.doc
SDS,NIG_12C_NIG911M_Dao.doc
SDS,NIG_12C_NIG911M_Manager.doc
SDS,NIG_12C_NIG912M_Controller.doc
SDS,NIG_12C_NIG912M_Dao.doc
SDS,NIG_12C_NIG912M_Manager.doc
SDS,NIG_12C_NIG915M_Controller.doc
SDS,NIG_12C_NIG915M_Dao.doc
SDS,NIG_12C_NIG915M_Manager.doc
SDS,NIG_12C_NIG915R_Controller.doc
SDS,NIG_12C_NIG916X_Dao.doc
SDS,NIG_12C_NIG916X_Job.doc
SDS,NIG_12C_NIG916X_Manager.doc
SDS,NIG_12C_NIG917R_Controller.doc
SDS,NIG_12C_NIG917R_Dao.doc
SDS,NIG_12C_NIG917R_Manager.doc
SDS,NIG_12C_NIG918Q_Controller.doc
SDS,NIG_12C_NIG918Q_Dao.doc
SDS,NIG_12C_NIG918Q_Manager.doc
SDS,NIG_12C_NIG919X_Dao.doc
SDS,NIG_12C_NIG919X_Job.doc
SDS,NIG_12C_NIG919X_Manager.doc
SDS,NIG_12C_NIG91AX_Dao.doc
SDS,NIG_12C_NIG91AX_Job.doc
SDS,NIG_12C_NIG91AX_Manager.doc
SDS,NIG_12C_NIG91BM_Controller.doc
SDS,NIG_12C_NIG91BM_Dao.doc
SDS,NIG_12C_NIG91BM_Manager.doc
SDS,NIG_12C_NIG91CM_Controller.doc
SDS,NIG_12C_NIG91CM_Dao.doc
SDS,NIG_12C_NIG91CM_Manager.doc
SDS,NIG_12C_NIG91DM_Controller.doc
SDS,NIG_12C_NIG91DM_Dao.doc
SDS,NIG_12C_NIG91DM_Manager.doc
SDS,NIG_12C_NIG91EM_Controller.doc
SDS,NIG_12C_NIG91EM_Dao.doc
SDS,NIG_12C_NIG91EM_Manager.doc
SDS,NIG_12C_NIG921R_Controller.doc
SDS,NIG_12C_NIG921R_Dao.doc
SDS,NIG_12C_NIG921R_Manager.doc
SDS,NIG_12C_NIG922R_Controller.doc
SDS,NIG_12C_NIG922R_Dao.doc
SDS,NIG_12C_NIG922R_Manager.doc
SDS,NIG_12C_NIG923R_Controller.doc
SDS,NIG_12C_NIG923R_Dao.doc
SDS,NIG_12C_NIG923R_Manager.doc
SDS,NIG_12C_NIG924R_Controller.doc
SDS,NIG_12C_NIG924R_Dao.doc
SDS,NIG_12C_NIG924R_Manager.doc
SDS,NIG_12C_NIG925R_Controller.doc
SDS,NIG_12C_NIG925R_Dao.doc
SDS,NIG_12C_NIG925R_Manager.doc
SDS,NIG_12C_NIGA10Q_Controller.doc
SDS,NIG_12C_NIGA10Q_Dao.doc
SDS,NIG_12C_NIGA10Q_Manager.doc
SDS,NIG_12C_NIGA20Q_Controller.doc
SDS,NIG_12C_NIGA20Q_Dao.doc
SDS,NIG_12C_NIGA20Q_Manager.doc
SDS,NIG_12C_NIGA30Q_Controller.doc
SDS,NIG_12C_NIGA30Q_Dao.doc
SDS,NIG_12C_NIGA30Q_Manager.doc
SDS,NIG_12C_NIGA40Q_Controller.doc
SDS,NIG_12C_NIGA40Q_Dao.doc
SDS,NIG_12C_NIGA40Q_Manager.doc
SDS,NIG_12C_NIGA50Q_Controller.doc
SDS,NIG_12C_NIGA50Q_Dao.doc
SDS,NIG_12C_NIGA50Q_Manager.doc
SDS,NIG_12C_NIGB20M_Controller.doc
SDS,NIG_12C_NIGB20M_Dao.doc
SDS,NIG_12C_NIGB20M_Manager.doc
SDS,NIG_12C_NIGB30M_Controller.doc
SDS,NIG_12C_NIGB30M_Dao.doc
SDS,NIG_12C_NIGB30M_Manager.doc
SDS,NIG_12C_NIGIUPDATEL_Job.doc
SDS,NIG_12C_NIGIUPDATE_Dao.doc
SDS,NIG_12C_NIGIUPDATE_Manager.doc
SDS,NIG_13C.doc
SDS,NIG_14C_100M_.doc
SDS,NIG_14C_110M_.doc
SDS,NIG_14C_120M_.doc
SDS,NIG_14C_130M_.doc
SDS,NIG_14C_140M_.doc
SDS,NIG_14C_150M_.doc
SDS,NIG_14C_160M_.doc
SDS,NIG_14C_170M_.doc
SDS,NIG_14C_181M_.doc
SDS,NIG_14C_182M_.doc
SDS,NIG_14C_183M_.doc
SDS,NIG_14C_184M_.doc
SDS,NIG_14C_185M_.doc
SDS,NIG_14C_186M_.doc
SDS,NIG_14C_187M_.doc
SDS,NIG_14C_190M_.doc
SDS,NIG_14C_211X_.doc
SDS,NIG_14C_212X_.doc
SDS,NIG_14C_213X_.doc
SDS,NIG_14C_214X_.doc
SDS,NIG_14C_215X_.doc
SDS,NIG_14C_221R_.doc
SDS,NIG_14C_222M_.doc
SDS,NIG_14C_223L_.doc
SDS,NIG_14C_224M_.doc
SDS,NIG_14C_225Q_.doc
SDS,NIG_14C_226M_.doc
SDS,NIG_14C_227R_.doc
SDS,NIG_14C_231M_.doc
SDS,NIG_14C_232R_.doc
SDS,NIG_14C_241M_.doc
SDS,NIG_14C_242L_.doc
SDS,NIG_14C_243X_.doc
SDS,NIG_14C_244L_.doc
SDS,NIG_14C_245R_.doc
SDS,NIG_14C_246M_.doc
SDS,NIG_14C_247M_.doc
SDS,NIG_14C_251R_.doc
SDS,NIG_14C_252R_.doc
SDS,NIG_14C_253R_.doc
SDS,NIG_14C_254L_.doc
SDS,NIG_14C_255X_.doc
SDS,NIG_14C_256X_.doc
SDS,NIG_14C_257L_.doc
SDS,NIG_14C_258L_.doc
SDS,NIG_14C_310M_.doc
SDS,NIG_14C_320R_.doc
SDS,NIG_14C_411M_.doc
SDS,NIG_14C_412M_.doc
SDS,NIG_14C_413M_.doc
SDS,NIG_14C_414M_.doc
SDS,NIG_14C_415M_.doc
SDS,NIG_14C_416M_.doc
SDS,NIG_14C_421R_.doc
SDS,NIG_14C_422R_.doc
SDS,NIG_14C_423R_.doc
SDS,NIG_14C_424R_.doc
SDS,NIG_14C_425R_.doc
SDS,NIG_14C_426R_.doc
SDS,NIG_14C_427R_.doc
SDS,NIG_14C_428R_.doc
SDS,NIG_14C_510M_.doc
SDS,NIG_14C_521M_.doc
SDS,NIG_14C_522M_.doc
SDS,NIG_14C_531R_.doc
SDS,NIG_14C_532R_.doc
SDS,NIG_14C_533R_.doc
SDS,NIG_14C_610M_.doc
SDS,NIG_14C_640R_.doc
SDS,NIG_14C_650R_.doc
SDS,NIG_14C_656M_.doc
SDS,NIG_14C_657R_.doc
SDS,NIG_14C_658M_.doc
SDS,NIG_14C_660R_.doc
SDS,NIG_14C_711R_.doc
SDS,NIG_14C_712R_.doc
SDS,NIG_14C_713R_.doc
SDS,NIG_14C_721R_.doc
SDS,NIG_14C_722R_.doc
SDS,NIG_14C_723R_.doc
SDS,NIG_14C_724R_.doc
SDS,NIG_14C_731R_.doc
SDS,NIG_14C_732R_.doc
SDS,NIG_14C_733R_.doc
SDS,NIG_14C_734R_.doc
SDS,NIG_14C_741R_.doc
SDS,NIG_14C_743R_.doc
SDS,NIG_14C_744R_.doc
SDS,NIG_14C_750R_.doc
SDS,NIG_14C_760X_.doc
SDS,NIG_14C_761R_.doc
SDS,NIG_14C_770R_.doc
SDS,NIG_14C_810M_.doc
SDS,NIG_14C_820M_.doc
SDS,NIG_14C_831R_.doc
SDS,NIG_14C_832R_.doc
SDS,NIG_14C_833R_.doc
SDS,NIG_14C_834R_.doc
SDS,NIG_14C_835R_.doc
SDS,NIG_14C_836R_.doc
SDS,NIG_14C_837R_.doc
SDS,NIG_14C_841M_.doc
SDS,NIG_14C_842X_.doc
SDS,NIG_14C_851R_.doc
SDS,NIG_14C_852M_.doc
SDS,NIG_14C_911M_.doc
SDS,NIG_14C_912M_.doc
SDS,NIG_14C_915M_.doc
SDS,NIG_14C_916X_.doc
SDS,NIG_14C_917R_.doc
SDS,NIG_14C_918Q_.doc
SDS,NIG_14C_919X_.doc
SDS,NIG_14C_91AX_.doc
SDS,NIG_14C_91BM_.doc
SDS,NIG_14C_91CM_.doc
SDS,NIG_14C_91DM_.doc
SDS,NIG_14C_91EM_.doc
SDS,NIG_14C_921R_.doc
SDS,NIG_14C_922R_.doc
SDS,NIG_14C_923R_.doc
SDS,NIG_14C_924R_.doc
SDS,NIG_14C_925R_.doc
SDS,NIG_14C_A10Q_.doc
SDS,NIG_14C_A20Q_.doc
SDS,NIG_14C_A30Q_.doc
SDS,NIG_14C_A40Q_.doc
SDS,NIG_14C_A50Q_.doc
SDS,NIG_14C_B20M_.doc
SDS,NIG_14C_B30M_.doc
SDS,NIG_14C_B40X_.doc
SDS,NIG_15C.doc
SDS,NIG_16C.doc
SDS,NIG_17C.doc
SDS,NIG_19C.doc
SDS,NIG_20C.DOC
SDS,NIG_21C.doc
SDS,NIG_22C.doc
SDS,NIG_23H_110M.doc
SDS,NIG_23H_120M.doc
SDS,NIG_23H_130M.doc
SDS,NIG_23H_140M.doc
SDS,NIG_23H_150M.doc
SDS,NIG_23H_160M.doc
SDS,NIG_23H_170M.doc
SDS,NIG_23H_181M.doc
SDS,NIG_23H_182M.doc
SDS,NIG_23H_183M.doc
SDS,NIG_23H_184M.doc
SDS,NIG_23H_185M.doc
SDS,NIG_23H_186M.doc
SDS,NIG_23H_187M.doc
SDS,NIG_23H_190M.doc
SDS,NIG_23H_221R.doc
SDS,NIG_23H_222M.doc
SDS,NIG_23H_224M.doc
SDS,NIG_23H_225Q.doc
SDS,NIG_23H_226M.doc
SDS,NIG_23H_227R.doc
SDS,NIG_23H_231M.doc
SDS,NIG_23H_232R.doc
SDS,NIG_23H_233M.doc
SDS,NIG_23H_241M.doc
SDS,NIG_23H_245R.doc
SDS,NIG_23H_246M.doc
SDS,NIG_23H_247M.doc
SDS,NIG_23H_251R.doc
SDS,NIG_23H_252R.doc
SDS,NIG_23H_253R.doc
SDS,NIG_23H_310M.doc
SDS,NIG_23H_320R.doc
SDS,NIG_23H_411M.doc
SDS,NIG_23H_412M.doc
SDS,NIG_23H_413M.doc
SDS,NIG_23H_414M.doc
SDS,NIG_23H_415M.doc
SDS,NIG_23H_416M.doc
SDS,NIG_23H_421R.doc
SDS,NIG_23H_422R.doc
SDS,NIG_23H_423R.doc
SDS,NIG_23H_424R.doc
SDS,NIG_23H_425R.doc
SDS,NIG_23H_426R.doc
SDS,NIG_23H_427R.doc
SDS,NIG_23H_428R.doc
SDS,NIG_23H_510M.doc
SDS,NIG_23H_521M.doc
SDS,NIG_23H_522M.doc
SDS,NIG_23H_531R.doc
SDS,NIG_23H_532R.doc
SDS,NIG_23H_533R.doc
SDS,NIG_23H_610M.doc
SDS,NIG_23H_611M.doc
SDS,NIG_23H_640R.doc
SDS,NIG_23H_650R.doc
SDS,NIG_23H_656M.doc
SDS,NIG_23H_657R.doc
SDS,NIG_23H_658M.doc
SDS,NIG_23H_660R.doc
SDS,NIG_23H_711R.doc
SDS,NIG_23H_712R.doc
SDS,NIG_23H_713R.doc
SDS,NIG_23H_721R.doc
SDS,NIG_23H_722R.doc
SDS,NIG_23H_723R.doc
SDS,NIG_23H_724R.doc
SDS,NIG_23H_731R.doc
SDS,NIG_23H_732R.doc
SDS,NIG_23H_733R.doc
SDS,NIG_23H_734R.doc
SDS,NIG_23H_741R.doc
SDS,NIG_23H_743R.doc
SDS,NIG_23H_744R.doc
SDS,NIG_23H_750R.doc
SDS,NIG_23H_761R.doc
SDS,NIG_23H_770R.doc
SDS,NIG_23H_810M.doc
SDS,NIG_23H_820M.doc
SDS,NIG_23H_831R.doc
SDS,NIG_23H_832R.doc
SDS,NIG_23H_833R.doc
SDS,NIG_23H_834R.doc
SDS,NIG_23H_835R.doc
SDS,NIG_23H_836R.doc
SDS,NIG_23H_837R.doc
SDS,NIG_23H_841M.doc
SDS,NIG_23H_851R.doc
SDS,NIG_23H_852M.doc
SDS,NIG_23H_911M.doc
SDS,NIG_23H_912M.doc
SDS,NIG_23H_915M.doc
SDS,NIG_23H_917R.doc
SDS,NIG_23H_918Q.doc
SDS,NIG_23H_91BM.doc
SDS,NIG_23H_91CM.doc
SDS,NIG_23H_91DM.doc
SDS,NIG_23H_91EM.doc
SDS,NIG_23H_921R.doc
SDS,NIG_23H_922R.doc
SDS,NIG_23H_923R.doc
SDS,NIG_23H_924R.doc
SDS,NIG_23H_925R.doc
SDS,NIG_23H_A10Q.doc
SDS,NIG_23H_A20Q.doc
SDS,NIG_23H_A30Q.doc
SDS,NIG_23H_A40Q.doc
SDS,NIG_23H_A50Q.doc
SDS,NIG_23H_B20M.doc
SDS,NIG_23H_B30M.doc
SDS,NIG_24H_221P.doc
SDS,NIG_24H_223P.doc
SDS,NIG_24H_225P.doc
SDS,NIG_24H_226P.doc
SDS,NIG_24H_227P.doc
SDS,NIG_24H_232P.doc
SDS,NIG_24H_242P.doc
SDS,NIG_24H_244P.doc
SDS,NIG_24H_245P.doc
SDS,NIG_24H_246P.doc
SDS,NIG_24H_251P.doc
SDS,NIG_24H_252P.doc
SDS,NIG_24H_253P.doc
SDS,NIG_24H_254P.doc
SDS,NIG_24H_257P.doc
SDS,NIG_24H_258P.doc
SDS,NIG_24H_320P.doc
SDS,NIG_24H_421P.doc
SDS,NIG_24H_422P.doc
SDS,NIG_24H_423P.doc
SDS,NIG_24H_424P.doc
SDS,NIG_24H_425P.doc
SDS,NIG_24H_426P.doc
SDS,NIG_24H_427P.doc
SDS,NIG_24H_428P.doc
SDS,NIG_24H_531P.doc
SDS,NIG_24H_532P.doc
SDS,NIG_24H_533P.doc
SDS,NIG_24H_611P.doc
SDS,NIG_24H_640P.doc
SDS,NIG_24H_650P.doc
SDS,NIG_24H_657P.doc
SDS,NIG_24H_658P.doc
SDS,NIG_24H_660P.doc
SDS,NIG_24H_711P.doc
SDS,NIG_24H_712P.doc
SDS,NIG_24H_713P.doc
SDS,NIG_24H_721P.doc
SDS,NIG_24H_722P.doc
SDS,NIG_24H_723P.doc
SDS,NIG_24H_724P.doc
SDS,NIG_24H_731P.doc
SDS,NIG_24H_732P.doc
SDS,NIG_24H_733P.doc
SDS,NIG_24H_734P.doc
SDS,NIG_24H_741P.doc
SDS,NIG_24H_743P.doc
SDS,NIG_24H_744P.doc
SDS,NIG_24H_750P.doc
SDS,NIG_24H_761P.doc
SDS,NIG_24H_770P.doc
SDS,NIG_24H_831P.doc
SDS,NIG_24H_832P.doc
SDS,NIG_24H_833P.doc
SDS,NIG_24H_834P.doc
SDS,NIG_24H_835P.doc
SDS,NIG_24H_836P.doc
SDS,NIG_24H_837P.doc
SDS,NIG_24H_851P.doc
SDS,NIG_24H_917P.doc
SDS,NIG_24H_921P.doc
SDS,NIG_24H_922P.doc
SDS,NIG_24H_923P.doc
SDS,NIG_24H_924P.doc
SDS,NIG_24H_925P.doc
SDS,NIG_24H_A10P.doc
SDS,NIG_24H_A20P.doc
SDS,NIG_25C.doc
SDS,NIG_28C.doc
SDS,NIG_43C_110M_.doc
SDS,NIG_43C_120M_.doc
SDS,NIG_43C_130M_.doc
SDS,NIG_43C_140M_.doc
SDS,NIG_43C_150M_.doc
SDS,NIG_43C_160M_.doc
SDS,NIG_43C_170M_.doc
SDS,NIG_43C_181M_.doc
SDS,NIG_43C_182M_.doc
SDS,NIG_43C_183M_.doc
SDS,NIG_43C_184M_.doc
SDS,NIG_43C_185M_.doc
SDS,NIG_43C_186M_.doc
SDS,NIG_43C_187M_.doc
SDS,NIG_43C_190M_.doc
SDS,NIG_43C_211X_.doc
SDS,NIG_43C_212X_.doc
SDS,NIG_43C_213X_.doc
SDS,NIG_43C_214X_.doc
SDS,NIG_43C_215X_.doc
SDS,NIG_43C_221R_.doc
SDS,NIG_43C_222M_.doc
SDS,NIG_43C_223L_.doc
SDS,NIG_43C_224M_.doc
SDS,NIG_43C_225Q_.doc
SDS,NIG_43C_226M_.doc
SDS,NIG_43C_227R_.doc
SDS,NIG_43C_231M_.doc
SDS,NIG_43C_232R_.doc
SDS,NIG_43C_241M_.doc
SDS,NIG_43C_242L_.doc
SDS,NIG_43C_243X_.doc
SDS,NIG_43C_244L_.doc
SDS,NIG_43C_245R_.doc
SDS,NIG_43C_246M_.doc
SDS,NIG_43C_247M_.doc
SDS,NIG_43C_251R_.doc
SDS,NIG_43C_252R_.doc
SDS,NIG_43C_253R_.doc
SDS,NIG_43C_254L_.doc
SDS,NIG_43C_255X_.doc
SDS,NIG_43C_256X_.doc
SDS,NIG_43C_257L_.doc
SDS,NIG_43C_258L_.doc
SDS,NIG_43C_310M_.doc
SDS,NIG_43C_320R_.doc
SDS,NIG_43C_411M_.doc
SDS,NIG_43C_412M_.doc
SDS,NIG_43C_413M_.doc
SDS,NIG_43C_414M_.doc
SDS,NIG_43C_415M_.doc
SDS,NIG_43C_416M_.doc
SDS,NIG_43C_421R_.doc
SDS,NIG_43C_422R_.doc
SDS,NIG_43C_423R_.doc
SDS,NIG_43C_424R_.doc
SDS,NIG_43C_425R_.doc
SDS,NIG_43C_426R_.doc
SDS,NIG_43C_427R_.doc
SDS,NIG_43C_428R_.doc
SDS,NIG_43C_510M_.doc
SDS,NIG_43C_521M_.doc
SDS,NIG_43C_522M_.doc
SDS,NIG_43C_531R_.doc
SDS,NIG_43C_532R_.doc
SDS,NIG_43C_533R_.doc
SDS,NIG_43C_610M_.doc
SDS,NIG_43C_611M_.doc
SDS,NIG_43C_640R_.doc
SDS,NIG_43C_650R_.doc
SDS,NIG_43C_656M_.doc
SDS,NIG_43C_657R_.doc
SDS,NIG_43C_658M_.doc
SDS,NIG_43C_660R_.doc
SDS,NIG_43C_711R_.doc
SDS,NIG_43C_712R_.doc
SDS,NIG_43C_713R_.doc
SDS,NIG_43C_721R_.doc
SDS,NIG_43C_722R_.doc
SDS,NIG_43C_723R_.doc
SDS,NIG_43C_724R_.doc
SDS,NIG_43C_731R_.doc
SDS,NIG_43C_732R_.doc
SDS,NIG_43C_733R_.doc
SDS,NIG_43C_734R_.doc
SDS,NIG_43C_741R_.doc
SDS,NIG_43C_743R_.doc
SDS,NIG_43C_744R_.doc
SDS,NIG_43C_750R_.doc
SDS,NIG_43C_760X_.doc
SDS,NIG_43C_761R_.doc
SDS,NIG_43C_770R_.doc
SDS,NIG_43C_810M_.doc
SDS,NIG_43C_820M_.doc
SDS,NIG_43C_831R_.doc
SDS,NIG_43C_832R_.doc
SDS,NIG_43C_833R_.doc
SDS,NIG_43C_834R_.doc
SDS,NIG_43C_835R_.doc
SDS,NIG_43C_836R_.doc
SDS,NIG_43C_837R_.doc
SDS,NIG_43C_841M_.doc
SDS,NIG_43C_842X_.doc
SDS,NIG_43C_851R_.doc
SDS,NIG_43C_852M_.doc
SDS,NIG_43C_911M_.doc
SDS,NIG_43C_912M_.doc
SDS,NIG_43C_914R_.doc
SDS,NIG_43C_915M_.doc
SDS,NIG_43C_916X_.doc
SDS,NIG_43C_917R_.doc
SDS,NIG_43C_918Q_.doc
SDS,NIG_43C_919X_.doc
SDS,NIG_43C_91AX_.doc
SDS,NIG_43C_91BM_.doc
SDS,NIG_43C_91CM_.doc
SDS,NIG_43C_91DM_.doc
SDS,NIG_43C_91EM_.doc
SDS,NIG_43C_921R_.doc
SDS,NIG_43C_922R_.doc
SDS,NIG_43C_923R_.doc
SDS,NIG_43C_924R_.doc
SDS,NIG_43C_925R_.doc
SDS,NIG_43C_A10Q_.doc
SDS,NIG_43C_A20Q_.doc
SDS,NIG_43C_A30Q_.doc
SDS,NIG_43C_A40Q_.doc
SDS,NIG_43C_A50Q_.doc
SDS,NIG_43C_B20M_.doc
SDS,NIG_43C_B30M_.doc
SDS,NIG_43C_B40X_.doc
SDS,NIG_43C_IUpdate_.doc
SDS,NIG_LST.doc
SDS,NIG_PDM.doc
SRS,LTS-NIG-SRS-系統分析說明書-1001123-V3.0.doc
SRS,LTS_NIG_07C.doc
SRS,LTS_NIG_08C.doc
SRS,LTS_NIG_09C.doc
SRS,LTS_NIG_11C.doc
SRS,LTS_NIG_12C.doc
SRS,LTS_NIG_13C.doc
SRS,LTS_NIG_21C.doc
SRS,LTS_NIG_22C.doc
SRS,LTS_NIG_23H_110S.doc
SRS,LTS_NIG_23H_120S.doc
SRS,LTS_NIG_23H_130S.doc
SRS,LTS_NIG_23H_140S.doc
SRS,LTS_NIG_23H_150S.doc
SRS,LTS_NIG_23H_160S.doc
SRS,LTS_NIG_23H_170S.doc
SRS,LTS_NIG_23H_181S.doc
SRS,LTS_NIG_23H_182S.doc
SRS,LTS_NIG_23H_183S.doc
SRS,LTS_NIG_23H_184S.doc
SRS,LTS_NIG_23H_185S.doc
SRS,LTS_NIG_23H_186S.doc
SRS,LTS_NIG_23H_187S.doc
SRS,LTS_NIG_23H_190S.doc
SRS,LTS_NIG_23H_221S.doc
SRS,LTS_NIG_23H_222S.doc
SRS,LTS_NIG_23H_224S.doc
SRS,LTS_NIG_23H_225S.doc
SRS,LTS_NIG_23H_226S.doc
SRS,LTS_NIG_23H_227S.doc
SRS,LTS_NIG_23H_231S.doc
SRS,LTS_NIG_23H_232S.doc
SRS,LTS_NIG_23H_233S.doc
SRS,LTS_NIG_23H_241S.doc
SRS,LTS_NIG_23H_245S.doc
SRS,LTS_NIG_23H_246S.doc
SRS,LTS_NIG_23H_247S.doc
SRS,LTS_NIG_23H_251S.doc
SRS,LTS_NIG_23H_252S.doc
SRS,LTS_NIG_23H_253S.doc
SRS,LTS_NIG_23H_310S.doc
SRS,LTS_NIG_23H_320S.doc
SRS,LTS_NIG_23H_411S.doc
SRS,LTS_NIG_23H_412S.doc
SRS,LTS_NIG_23H_413S.doc
SRS,LTS_NIG_23H_414S.doc
SRS,LTS_NIG_23H_415S.doc
SRS,LTS_NIG_23H_416S.doc
SRS,LTS_NIG_23H_421S.doc
SRS,LTS_NIG_23H_422S.doc
SRS,LTS_NIG_23H_423S.doc
SRS,LTS_NIG_23H_424S.doc
SRS,LTS_NIG_23H_425S.doc
SRS,LTS_NIG_23H_426S.doc
SRS,LTS_NIG_23H_427S.doc
SRS,LTS_NIG_23H_428S.doc
SRS,LTS_NIG_23H_510S.doc
SRS,LTS_NIG_23H_521S.doc
SRS,LTS_NIG_23H_522S.doc
SRS,LTS_NIG_23H_531S.doc
SRS,LTS_NIG_23H_532S.doc
SRS,LTS_NIG_23H_533S.doc
SRS,LTS_NIG_23H_610S.doc
SRS,LTS_NIG_23H_611S.doc
SRS,LTS_NIG_23H_640S.doc
SRS,LTS_NIG_23H_650S.doc
SRS,LTS_NIG_23H_660S.doc
SRS,LTS_NIG_23H_711S.doc
SRS,LTS_NIG_23H_712S.doc
SRS,LTS_NIG_23H_713S.doc
SRS,LTS_NIG_23H_721S.doc
SRS,LTS_NIG_23H_722S.doc
SRS,LTS_NIG_23H_723S.doc
SRS,LTS_NIG_23H_724S.doc
SRS,LTS_NIG_23H_731S.doc
SRS,LTS_NIG_23H_732S.doc
SRS,LTS_NIG_23H_733S.doc
SRS,LTS_NIG_23H_734S.doc
SRS,LTS_NIG_23H_741S.doc
SRS,LTS_NIG_23H_743S.doc
SRS,LTS_NIG_23H_744S.doc
SRS,LTS_NIG_23H_750S.doc
SRS,LTS_NIG_23H_761S.doc
SRS,LTS_NIG_23H_770S.doc
SRS,LTS_NIG_23H_810S.doc
SRS,LTS_NIG_23H_820S.doc
SRS,LTS_NIG_23H_831S.doc
SRS,LTS_NIG_23H_832S.doc
SRS,LTS_NIG_23H_833S.doc
SRS,LTS_NIG_23H_834S.doc
SRS,LTS_NIG_23H_835S.doc
SRS,LTS_NIG_23H_836S.doc
SRS,LTS_NIG_23H_837S.doc
SRS,LTS_NIG_23H_841S.doc
SRS,LTS_NIG_23H_851S.doc
SRS,LTS_NIG_23H_852S.doc
SRS,LTS_NIG_23H_911S.doc
SRS,LTS_NIG_23H_912S.doc
SRS,LTS_NIG_23H_913S.doc
SRS,LTS_NIG_23H_914S.doc
SRS,LTS_NIG_23H_915S.doc
SRS,LTS_NIG_23H_917S.doc
SRS,LTS_NIG_23H_918S.doc
SRS,LTS_NIG_23H_91BS.doc
SRS,LTS_NIG_23H_91CS.doc
SRS,LTS_NIG_23H_91DS.doc
SRS,LTS_NIG_23H_91ES.doc
SRS,LTS_NIG_23H_921S.doc
SRS,LTS_NIG_23H_922S.doc
SRS,LTS_NIG_23H_923S.doc
SRS,LTS_NIG_23H_924S.doc
SRS,LTS_NIG_23H_925S.doc
SRS,LTS_NIG_23H_A10S.doc
SRS,LTS_NIG_23H_A20S.doc
SRS,LTS_NIG_23H_A30S.doc
SRS,LTS_NIG_23H_A40S.doc
SRS,LTS_NIG_23H_A50S.doc
SRS,LTS_NIG_23H_B20S.doc
SRS,LTS_NIG_23H_B30S.doc
SRS,LTS_NIG_24H_221P_01.doc
SRS,LTS_NIG_24H_221P_02.doc
SRS,LTS_NIG_24H_223P_.doc
SRS,LTS_NIG_24H_225P_01.doc
SRS,LTS_NIG_24H_225P_02.doc
SRS,LTS_NIG_24H_226P_.doc
SRS,LTS_NIG_24H_227P_.doc
SRS,LTS_NIG_24H_232P_01.doc
SRS,LTS_NIG_24H_232P_02.doc
SRS,LTS_NIG_24H_233P_.doc
SRS,LTS_NIG_24H_242P_.doc
SRS,LTS_NIG_24H_244P_.doc
SRS,LTS_NIG_24H_245P_.doc
SRS,LTS_NIG_24H_246P_.doc
SRS,LTS_NIG_24H_251P_.doc
SRS,LTS_NIG_24H_252P_.doc
SRS,LTS_NIG_24H_253P_.doc
SRS,LTS_NIG_24H_254P_.doc
SRS,LTS_NIG_24H_257P_.doc
SRS,LTS_NIG_24H_258P_.doc
SRS,LTS_NIG_24H_320P_.doc
SRS,LTS_NIG_24H_421P_.doc
SRS,LTS_NIG_24H_422P_01.doc
SRS,LTS_NIG_24H_422P_02.doc
SRS,LTS_NIG_24H_423P_.doc
SRS,LTS_NIG_24H_424P_.doc
SRS,LTS_NIG_24H_425P_.doc
SRS,LTS_NIG_24H_426P_01.doc
SRS,LTS_NIG_24H_426P_02.doc
SRS,LTS_NIG_24H_426P_03.doc
SRS,LTS_NIG_24H_426P_04.doc
SRS,LTS_NIG_24H_427P_01.doc
SRS,LTS_NIG_24H_427P_02.doc
SRS,LTS_NIG_24H_427P_03.doc
SRS,LTS_NIG_24H_427P_04.doc
SRS,LTS_NIG_24H_427P_05.doc
SRS,LTS_NIG_24H_427P_06.doc
SRS,LTS_NIG_24H_428P_.doc
SRS,LTS_NIG_24H_531P_.doc
SRS,LTS_NIG_24H_532P_.doc
SRS,LTS_NIG_24H_533P_.doc
SRS,LTS_NIG_24H_611P_.doc
SRS,LTS_NIG_24H_640P_01.doc
SRS,LTS_NIG_24H_640P_02.doc
SRS,LTS_NIG_24H_650P_.doc
SRS,LTS_NIG_24H_660P_.doc
SRS,LTS_NIG_24H_711P_01.doc
SRS,LTS_NIG_24H_711P_02.doc
SRS,LTS_NIG_24H_712P_.doc
SRS,LTS_NIG_24H_713P_.doc
SRS,LTS_NIG_24H_721P_01.doc
SRS,LTS_NIG_24H_721P_02.doc
SRS,LTS_NIG_24H_722P_01.doc
SRS,LTS_NIG_24H_722P_02.doc
SRS,LTS_NIG_24H_723P_01.doc
SRS,LTS_NIG_24H_723P_02.doc
SRS,LTS_NIG_24H_723P_03.doc
SRS,LTS_NIG_24H_723P_04.doc
SRS,LTS_NIG_24H_724P_.doc
SRS,LTS_NIG_24H_731P_01.doc
SRS,LTS_NIG_24H_731P_02.doc
SRS,LTS_NIG_24H_732P_.doc
SRS,LTS_NIG_24H_733P_.doc
SRS,LTS_NIG_24H_734P_.doc
SRS,LTS_NIG_24H_741P_01.doc
SRS,LTS_NIG_24H_741P_02.doc
SRS,LTS_NIG_24H_743P_.doc
SRS,LTS_NIG_24H_744P_.doc
SRS,LTS_NIG_24H_750P_01.doc
SRS,LTS_NIG_24H_750P_02.doc
SRS,LTS_NIG_24H_761P_.doc
SRS,LTS_NIG_24H_770P_.doc
SRS,LTS_NIG_24H_831P_01.doc
SRS,LTS_NIG_24H_831P_02.doc
SRS,LTS_NIG_24H_832P_.doc
SRS,LTS_NIG_24H_833P_01.doc
SRS,LTS_NIG_24H_833P_02.doc
SRS,LTS_NIG_24H_833P_03.doc
SRS,LTS_NIG_24H_833P_04.doc
SRS,LTS_NIG_24H_833P_05.doc
SRS,LTS_NIG_24H_834P_01.doc
SRS,LTS_NIG_24H_834P_02.doc
SRS,LTS_NIG_24H_834P_03.doc
SRS,LTS_NIG_24H_835P_01.doc
SRS,LTS_NIG_24H_835P_02.doc
SRS,LTS_NIG_24H_836P_01.doc
SRS,LTS_NIG_24H_836P_02.doc
SRS,LTS_NIG_24H_837P_.doc
SRS,LTS_NIG_24H_851P_.doc
SRS,LTS_NIG_24H_914P_.doc
SRS,LTS_NIG_24H_917P_.doc
SRS,LTS_NIG_24H_921P_.doc
SRS,LTS_NIG_24H_922P_01.doc
SRS,LTS_NIG_24H_922P_02.doc
SRS,LTS_NIG_24H_923P_01.doc
SRS,LTS_NIG_24H_923P_02.doc
SRS,LTS_NIG_24H_924P_01.doc
SRS,LTS_NIG_24H_924P_02.doc
SRS,LTS_NIG_24H_925P_.doc
SRS,LTS_NIG_24H_A10P_.doc
SRS,LTS_NIG_24H_A20P_.doc
SRS,LTS_NIG_30C.doc
SRS,LTS_NIG_32C.doc
SRS,LTS_NIG_33H_110.doc
SRS,LTS_NIG_33H_120.doc
SRS,LTS_NIG_33H_130.doc
SRS,LTS_NIG_33H_140.doc
SRS,LTS_NIG_33H_150.doc
SRS,LTS_NIG_33H_160.doc
SRS,LTS_NIG_33H_170.doc
SRS,LTS_NIG_33H_181.doc
SRS,LTS_NIG_33H_182.doc
SRS,LTS_NIG_33H_183.doc
SRS,LTS_NIG_33H_184.doc
SRS,LTS_NIG_33H_185.doc
SRS,LTS_NIG_33H_186.doc
SRS,LTS_NIG_33H_187.doc
SRS,LTS_NIG_33H_190.doc
SRS,LTS_NIG_33H_211.doc
SRS,LTS_NIG_33H_212.doc
SRS,LTS_NIG_33H_213.doc
SRS,LTS_NIG_33H_214.doc
SRS,LTS_NIG_33H_221.doc
SRS,LTS_NIG_33H_222.doc
SRS,LTS_NIG_33H_223.doc
SRS,LTS_NIG_33H_224.doc
SRS,LTS_NIG_33H_225.doc
SRS,LTS_NIG_33H_226.doc
SRS,LTS_NIG_33H_227.doc
SRS,LTS_NIG_33H_231.doc
SRS,LTS_NIG_33H_232.doc
SRS,LTS_NIG_33H_233.doc
SRS,LTS_NIG_33H_241.doc
SRS,LTS_NIG_33H_242.doc
SRS,LTS_NIG_33H_243.doc
SRS,LTS_NIG_33H_244.doc
SRS,LTS_NIG_33H_245.doc
SRS,LTS_NIG_33H_246.doc
SRS,LTS_NIG_33H_247.doc
SRS,LTS_NIG_33H_251.doc
SRS,LTS_NIG_33H_252.doc
SRS,LTS_NIG_33H_253.doc
SRS,LTS_NIG_33H_254.doc
SRS,LTS_NIG_33H_255.doc
SRS,LTS_NIG_33H_256.doc
SRS,LTS_NIG_33H_257.doc
SRS,LTS_NIG_33H_258.doc
SRS,LTS_NIG_33H_310.doc
SRS,LTS_NIG_33H_320.doc
SRS,LTS_NIG_33H_411.doc
SRS,LTS_NIG_33H_412.doc
SRS,LTS_NIG_33H_413.doc
SRS,LTS_NIG_33H_414.doc
SRS,LTS_NIG_33H_415.doc
SRS,LTS_NIG_33H_416.doc
SRS,LTS_NIG_33H_421.doc
SRS,LTS_NIG_33H_422.doc
SRS,LTS_NIG_33H_423.doc
SRS,LTS_NIG_33H_424.doc
SRS,LTS_NIG_33H_425.doc
SRS,LTS_NIG_33H_426.doc
SRS,LTS_NIG_33H_427.doc
SRS,LTS_NIG_33H_428.doc
SRS,LTS_NIG_33H_510.doc
SRS,LTS_NIG_33H_521.doc
SRS,LTS_NIG_33H_522.doc
SRS,LTS_NIG_33H_531.doc
SRS,LTS_NIG_33H_532.doc
SRS,LTS_NIG_33H_533.doc
SRS,LTS_NIG_33H_610.doc
SRS,LTS_NIG_33H_611.doc
SRS,LTS_NIG_33H_640.doc
SRS,LTS_NIG_33H_650.doc
SRS,LTS_NIG_33H_660.doc
SRS,LTS_NIG_33H_711.doc
SRS,LTS_NIG_33H_712.doc
SRS,LTS_NIG_33H_713.doc
SRS,LTS_NIG_33H_721.doc
SRS,LTS_NIG_33H_722.doc
SRS,LTS_NIG_33H_723.doc
SRS,LTS_NIG_33H_724.doc
SRS,LTS_NIG_33H_731.doc
SRS,LTS_NIG_33H_732.doc
SRS,LTS_NIG_33H_733.doc
SRS,LTS_NIG_33H_734.doc
SRS,LTS_NIG_33H_741.doc
SRS,LTS_NIG_33H_743.doc
SRS,LTS_NIG_33H_744.doc
SRS,LTS_NIG_33H_750.doc
SRS,LTS_NIG_33H_760.doc
SRS,LTS_NIG_33H_761.doc
SRS,LTS_NIG_33H_770.doc
SRS,LTS_NIG_33H_810.doc
SRS,LTS_NIG_33H_820.doc
SRS,LTS_NIG_33H_831.doc
SRS,LTS_NIG_33H_832.doc
SRS,LTS_NIG_33H_833.doc
SRS,LTS_NIG_33H_834.doc
SRS,LTS_NIG_33H_835.doc
SRS,LTS_NIG_33H_836.doc
SRS,LTS_NIG_33H_837.doc
SRS,LTS_NIG_33H_841.doc
SRS,LTS_NIG_33H_842.doc
SRS,LTS_NIG_33H_850.doc
SRS,LTS_NIG_33H_851.doc
SRS,LTS_NIG_33H_852.doc
SRS,LTS_NIG_33H_911.doc
SRS,LTS_NIG_33H_912.doc
SRS,LTS_NIG_33H_913.doc
SRS,LTS_NIG_33H_914.doc
SRS,LTS_NIG_33H_915.doc
SRS,LTS_NIG_33H_916.doc
SRS,LTS_NIG_33H_917.doc
SRS,LTS_NIG_33H_918.doc
SRS,LTS_NIG_33H_919.doc
SRS,LTS_NIG_33H_91A.doc
SRS,LTS_NIG_33H_91B.doc
SRS,LTS_NIG_33H_91C.doc
SRS,LTS_NIG_33H_91D.doc
SRS,LTS_NIG_33H_91E.doc
SRS,LTS_NIG_33H_921.doc
SRS,LTS_NIG_33H_922.doc
SRS,LTS_NIG_33H_923.doc
SRS,LTS_NIG_33H_924.doc
SRS,LTS_NIG_33H_925.doc
SRS,LTS_NIG_33H_A10.doc
SRS,LTS_NIG_33H_A20.doc
SRS,LTS_NIG_33H_A30.doc
SRS,LTS_NIG_33H_A40.doc
SRS,LTS_NIG_33H_A50.doc
SRS,LTS_NIG_33H_B20.doc
SRS,LTS_NIG_33H_B30.doc
SRS,LTS_NIG_33H_B40.doc
SRS,LTS_NIG_34C.doc
SRS,LTS_NIG_35C.doc
SRS,LTS_NIG_36H_110.doc
SRS,LTS_NIG_36H_120.doc
SRS,LTS_NIG_36H_130.doc
SRS,LTS_NIG_36H_140.doc
SRS,LTS_NIG_36H_150.doc
SRS,LTS_NIG_36H_160.doc
SRS,LTS_NIG_36H_170.doc
SRS,LTS_NIG_36H_181.doc
SRS,LTS_NIG_36H_182.doc
SRS,LTS_NIG_36H_183.doc
SRS,LTS_NIG_36H_184.doc
SRS,LTS_NIG_36H_185.doc
SRS,LTS_NIG_36H_186.doc
SRS,LTS_NIG_36H_187.doc
SRS,LTS_NIG_36H_190.doc
SRS,LTS_NIG_36H_211.doc
SRS,LTS_NIG_36H_212.doc
SRS,LTS_NIG_36H_213.doc
SRS,LTS_NIG_36H_214.doc
SRS,LTS_NIG_36H_221.doc
SRS,LTS_NIG_36H_222.doc
SRS,LTS_NIG_36H_223.doc
SRS,LTS_NIG_36H_224.doc
SRS,LTS_NIG_36H_225.doc
SRS,LTS_NIG_36H_226.doc
SRS,LTS_NIG_36H_227.doc
SRS,LTS_NIG_36H_231.doc
SRS,LTS_NIG_36H_232.doc
SRS,LTS_NIG_36H_233.doc
SRS,LTS_NIG_36H_241.doc
SRS,LTS_NIG_36H_242.doc
SRS,LTS_NIG_36H_243.doc
SRS,LTS_NIG_36H_244.doc
SRS,LTS_NIG_36H_245.doc
SRS,LTS_NIG_36H_246.doc
SRS,LTS_NIG_36H_247.doc
SRS,LTS_NIG_36H_251.doc
SRS,LTS_NIG_36H_252.doc
SRS,LTS_NIG_36H_253.doc
SRS,LTS_NIG_36H_254.doc
SRS,LTS_NIG_36H_255.doc
SRS,LTS_NIG_36H_256.doc
SRS,LTS_NIG_36H_257.doc
SRS,LTS_NIG_36H_258.doc
SRS,LTS_NIG_36H_310.doc
SRS,LTS_NIG_36H_320.doc
SRS,LTS_NIG_36H_411.doc
SRS,LTS_NIG_36H_412.doc
SRS,LTS_NIG_36H_413.doc
SRS,LTS_NIG_36H_414.doc
SRS,LTS_NIG_36H_415.doc
SRS,LTS_NIG_36H_416.doc
SRS,LTS_NIG_36H_421.doc
SRS,LTS_NIG_36H_422.doc
SRS,LTS_NIG_36H_423.doc
SRS,LTS_NIG_36H_424.doc
SRS,LTS_NIG_36H_425.doc
SRS,LTS_NIG_36H_426.doc
SRS,LTS_NIG_36H_427.doc
SRS,LTS_NIG_36H_428.doc
SRS,LTS_NIG_36H_510.doc
SRS,LTS_NIG_36H_521.doc
SRS,LTS_NIG_36H_522.doc
SRS,LTS_NIG_36H_531.doc
SRS,LTS_NIG_36H_532.doc
SRS,LTS_NIG_36H_533.doc
SRS,LTS_NIG_36H_610.doc
SRS,LTS_NIG_36H_611.doc
SRS,LTS_NIG_36H_640.doc
SRS,LTS_NIG_36H_650.doc
SRS,LTS_NIG_36H_660.doc
SRS,LTS_NIG_36H_711.doc
SRS,LTS_NIG_36H_712.doc
SRS,LTS_NIG_36H_713.doc
SRS,LTS_NIG_36H_721.doc
SRS,LTS_NIG_36H_722.doc
SRS,LTS_NIG_36H_723.doc
SRS,LTS_NIG_36H_724.doc
SRS,LTS_NIG_36H_731.doc
SRS,LTS_NIG_36H_732.doc
SRS,LTS_NIG_36H_733.doc
SRS,LTS_NIG_36H_734.doc
SRS,LTS_NIG_36H_741.doc
SRS,LTS_NIG_36H_743.doc
SRS,LTS_NIG_36H_744.doc
SRS,LTS_NIG_36H_750.doc
SRS,LTS_NIG_36H_760.doc
SRS,LTS_NIG_36H_761.doc
SRS,LTS_NIG_36H_770.doc
SRS,LTS_NIG_36H_810.doc
SRS,LTS_NIG_36H_820.doc
SRS,LTS_NIG_36H_831.doc
SRS,LTS_NIG_36H_832.doc
SRS,LTS_NIG_36H_833.doc
SRS,LTS_NIG_36H_834.doc
SRS,LTS_NIG_36H_835.doc
SRS,LTS_NIG_36H_836.doc
SRS,LTS_NIG_36H_837.doc
SRS,LTS_NIG_36H_841.doc
SRS,LTS_NIG_36H_842.doc
SRS,LTS_NIG_36H_850.doc
SRS,LTS_NIG_36H_851.doc
SRS,LTS_NIG_36H_852.doc
SRS,LTS_NIG_36H_911.doc
SRS,LTS_NIG_36H_912.doc
SRS,LTS_NIG_36H_913.doc
SRS,LTS_NIG_36H_914.doc
SRS,LTS_NIG_36H_915.doc
SRS,LTS_NIG_36H_916.doc
SRS,LTS_NIG_36H_917.doc
SRS,LTS_NIG_36H_918.doc
SRS,LTS_NIG_36H_919.doc
SRS,LTS_NIG_36H_91A.doc
SRS,LTS_NIG_36H_91B.doc
SRS,LTS_NIG_36H_91C.doc
SRS,LTS_NIG_36H_91D.doc
SRS,LTS_NIG_36H_91E.doc
SRS,LTS_NIG_36H_921.doc
SRS,LTS_NIG_36H_922.doc
SRS,LTS_NIG_36H_923.doc
SRS,LTS_NIG_36H_924.doc
SRS,LTS_NIG_36H_925.doc
SRS,LTS_NIG_36H_A10.doc
SRS,LTS_NIG_36H_A20.doc
SRS,LTS_NIG_36H_A30.doc
SRS,LTS_NIG_36H_A40.doc
SRS,LTS_NIG_36H_A50.doc
SRS,LTS_NIG_36H_B20.doc
SRS,LTS_NIG_36H_B30.doc
SRS,LTS_NIG_36H_B40.doc
SRS,LTS_NIG_40C.doc
SRS,LTS_NIG_41C.doc
SRS,LTS_NIG_42C.doc
SRS,LTS_NIG_61C.doc
SRS,LTS_NIG_62C.doc
SRS,LTS_NIG_63C.doc
SRS,LTS_NIG_64C.doc
SRS,LTS_NIG_65C.doc
SRS,LTS_NIG_UML圖關聯表.xls
SRS,LTS_NIG_需求追溯表.xls
SRS,MMR-NIG-會議紀錄-1000504.doc
SRS,MMR-NIG-會議紀錄-1000527.doc
SRS,MMR-NIG-會議紀錄-1000615.doc
SRS,MMR-NIG-會議紀錄-1000628.doc
SRS,MMR-NIG-會議紀錄-1000803.doc
